element,max_shifts,position_shifts,volatility
s,21,10,0.47619047619047616
t,21,11,0.5238095238095238
u,21,10,0.47619047619047616
v,21,11,0.5238095238095238
w,21,16,0.7619047619047619
x,21,16,0.7619047619047619
y,21,15,0.7142857142857143
z,21,13,0.6190476190476191
