element,max_shifts,position_shifts,volatility
agent-0,110,33,0.3
agent-1,110,26,0.23636363636363636
agent-10,110,28,0.2545454545454545
agent-11,110,22,0.2
agent-2,110,19,0.17272727272727273
agent-3,110,21,0.19090909090909092
agent-4,110,12,0.10909090909090909
agent-5,110,21,0.19090909090909092
agent-6,110,32,0.2909090909090909
agent-7,110,32,0.2909090909090909
agent-8,110,17,0.15454545454545454
agent-9,110,23,0.20909090909090908
